{"yaw": 22.80624382778081, "pitch": -2.342282669582338}